<Addin namespace   = "MonoDevelop"
       id          = "UnityInterpreter"
       name        = "Unity Python Interpreter"
       author      = "Noam Gat"
       copyright   = "MIT/X11"
       url         = "http://www.monodevelop.com"
       description = "Provides a command to run python code in a Unity Python Interpreter."
       category    = "Unity Extensions"
       version     = "1.2">

	<Dependencies>  
		<Addin id="Ide" version="2.8"/>  
	</Dependencies>  
	
	<Extension path = "/MonoDevelop/Ide/Commands/Edit">  
		<Command id = "MonoDevelop.UnityInterpreter.UnityInterpreterCommands.RunCode"  
        _label = "Execute in Unity"  
        _description = "Run Code in Unity Interpreter" 
        shortcut = "F3"     
			  defaultHandler = "MonoDevelop.UnityInterpreter.RunCodeHandler"  />  
	</Extension>
	
	<Extension path = "/MonoDevelop/Ide/MainMenu/Run">  
		<CommandItem id="MonoDevelop.UnityInterpreter.UnityInterpreterCommands.RunCode" />  
	</Extension> 
</Addin>